A1_py_compile	0	0	/private/tmp/myskills-repo-20260227c/xiaohongshu-skills/state/smoke_logs/A1_py_compile.log	bash -lc python3\ -m\ py_compile\ \$\(find\ \"/private/tmp/myskills-repo-20260227c/xiaohongshu-skills/scripts\"\ \"/private/tmp/myskills-repo-20260227c/xiaohongshu-skills/bundle/xhs-pipeline/scripts\"\ -type\ f\ -name\ \'\*.py\'\ -print\) 
A2_sh_syntax	0	0	/private/tmp/myskills-repo-20260227c/xiaohongshu-skills/state/smoke_logs/A2_sh_syntax.log	bash -lc find\ \"/private/tmp/myskills-repo-20260227c/xiaohongshu-skills/scripts\"\ \"/private/tmp/myskills-repo-20260227c/xiaohongshu-skills/bundle/xhs-pipeline/scripts\"\ -type\ f\ -name\ \'\*.sh\'\ -print0\ \|\ xargs\ -0\ -n1\ zsh\ -n 
A3_skill_validate	0	0	/private/tmp/myskills-repo-20260227c/xiaohongshu-skills/state/smoke_logs/A3_skill_validate.log	python3 /Users/hy3/.codex/skills/.system/skill-creator/scripts/quick_validate.py /private/tmp/myskills-repo-20260227c/xiaohongshu-skills 
B1_unittest	0	1	/private/tmp/myskills-repo-20260227c/xiaohongshu-skills/state/smoke_logs/B1_unittest.log	python3 -m unittest discover -s /private/tmp/myskills-repo-20260227c/xiaohongshu-skills/bundle/xhs-pipeline/tests -v 
B2_verify_offline	0	1	/private/tmp/myskills-repo-20260227c/xiaohongshu-skills/state/smoke_logs/B2_verify_offline.log	bash /private/tmp/myskills-repo-20260227c/xiaohongshu-skills/bundle/xhs-pipeline/scripts/verify_offline.sh 
C1_build_assets	0	0	/private/tmp/myskills-repo-20260227c/xiaohongshu-skills/state/smoke_logs/C1_build_assets.log	python3 /private/tmp/myskills-repo-20260227c/xiaohongshu-skills/bundle/xhs-pipeline/scripts/build_evidence_assets_editorial_compact.py --input /private/tmp/myskills-repo-20260227c/xiaohongshu-skills/bundle/xhs-pipeline/products/hard-thing/book_outline.v1.json --output-dir /private/tmp/myskills-repo-20260227c/xiaohongshu-skills/state/smoke_artifacts/20260227T035714Z/assets 
C2_build_md_v2	0	0	/private/tmp/myskills-repo-20260227c/xiaohongshu-skills/state/smoke_logs/C2_build_md_v2.log	python3 /private/tmp/myskills-repo-20260227c/xiaohongshu-skills/bundle/xhs-pipeline/scripts/outline_to_xhs_md_v2.py --input /private/tmp/myskills-repo-20260227c/xiaohongshu-skills/bundle/xhs-pipeline/products/hard-thing/book_outline.v1.json --output /private/tmp/myskills-repo-20260227c/xiaohongshu-skills/state/smoke_artifacts/20260227T035714Z/xhs_post.v2.md --author hy3 --target-cards 10 --style-preset convert_light_v1 --asset-dir /private/tmp/myskills-repo-20260227c/xiaohongshu-skills/state/smoke_artifacts/20260227T035714Z/assets 
C3_render_10_cards	0	0	/private/tmp/myskills-repo-20260227c/xiaohongshu-skills/state/smoke_logs/C3_render_10_cards.log	bash /private/tmp/myskills-repo-20260227c/xiaohongshu-skills/bundle/xhs-pipeline/scripts/render_xhs_cards.sh /private/tmp/myskills-repo-20260227c/xiaohongshu-skills/state/smoke_artifacts/20260227T035714Z/xhs_post.v2.md --output-dir /private/tmp/myskills-repo-20260227c/xiaohongshu-skills/state/smoke_artifacts/20260227T035714Z/rendered --width 1080 --height 1440 
C4_render_assert	0	0	/private/tmp/myskills-repo-20260227c/xiaohongshu-skills/state/smoke_logs/C4_render_assert.log	python3 - /private/tmp/myskills-repo-20260227c/xiaohongshu-skills/state/smoke_artifacts/20260227T035714Z/rendered 
D1_publish_dry_run	0	0	/private/tmp/myskills-repo-20260227c/xiaohongshu-skills/state/smoke_logs/D1_publish_dry_run.log	python3 /private/tmp/myskills-repo-20260227c/xiaohongshu-skills/bundle/vendor-skills/md-to-xhs-cards/scripts/publish_xhs.py --manifest /private/tmp/myskills-repo-20260227c/xiaohongshu-skills/state/smoke_artifacts/20260227T035714Z/rendered/manifest.json --cookie a1=dryrun\;\ web_session=dryrun --private --dry-run 
